names,scores,logfoldchanges,pvals,pvals_adj,tested_group
BLM,-0.036067132,-0.0010216476,0.9712288294783675,1.0,Macrophages
CDC25A,-0.8939151,-2.34392,0.37136731975755954,0.6525670904186374,Macrophages
POLQ,-1.1260555,-2.0347898,0.26014201804278236,0.48376496596170787,Macrophages
FANCB,-1.6243765,-1.1964482,0.10429547559141288,0.21548596657815022,Macrophages
EME1,-1.728551,-2.911478,0.0838894852477643,0.17671139301559996,Macrophages
BRIP1,-1.8915986,-2.009112,0.05854448815669697,0.12761758262889164,Macrophages
NEIL3,-1.9468184,-3.3590703,0.05155651672529037,0.11368264912133946,Macrophages
FANCD2,-2.189924,-1.2389777,0.028529746664403787,0.06563822560639274,Macrophages
RAD54B,-2.6759315,-4.3893156,0.007452188662801368,0.01875993376593713,Macrophages
CDC25C,-3.0026474,-4.1448426,0.0026764226704128974,0.007160749469533818,Macrophages
EXO1,-3.0252423,-3.8450062,0.00248434076930844,0.006676962136787581,Macrophages
RAD54L,-3.1348045,-3.6777298,0.0017196863033635062,0.0047173789150268515,Macrophages
RAD51,-3.5812144,-2.7075891,0.0003420009672357864,0.0010086790307230332,Macrophages
XRCC2,-3.7105124,-4.0526724,0.0002068402203124886,0.0006228425343179615,Macrophages
FANCA,-4.0410476,-0.9553762,5.321293352027723e-05,0.00016850014488651024,Macrophages
POLE2,-4.4035873,-3.8082647,1.0647546808699157e-05,3.5734461161813835e-05,Macrophages
BRCA1,-5.0913067,-1.824916,3.5560438048728777e-07,1.3233416194087622e-06,Macrophages
TTK,-5.5815396,-4.1099415,2.383988683524045e-08,9.529610964315646e-08,Macrophages
CHEK1,-5.681241,-2.0225914,1.3372068983808675e-08,5.42124559935518e-08,Macrophages
FANCI,-6.666889,-2.8399377,2.612823544311237e-11,1.2234986060674377e-10,Macrophages
H2AFX,-7.484739,-0.9062732,7.168963003299462e-14,3.7619525699428685e-13,Macrophages
RRM2,-8.005535,-2.9875426,1.1894809350654196e-15,6.729242759183806e-15,Macrophages
FEN1,-11.318381,-2.418265,1.0641858025707862e-29,8.947499510943106e-29,Macrophages
TYMS,-11.925064,-2.7596526,8.761618761662065e-33,7.925554217444051e-32,Macrophages
RFC4,-14.935181,-2.7352545,1.9454532522308383e-50,2.409944922073528e-49,Macrophages
UBE2T,-23.549797,-4.1413507,1.2614034207359108e-122,3.297355368844812e-121,Macrophages
H2AFX,1.9624021,0.67931783,0.049715687731204404,0.18770837661649276,Langerhans cells
FANCA,0.7115805,0.60585195,0.4767245943709336,1.0,Langerhans cells
POLQ,0.21595997,1.0681416,0.8290189568840388,1.0,Langerhans cells
FANCB,0.047606587,0.10991879,0.9620297813230589,1.0,Langerhans cells
CDC25A,-0.04938277,0.37029305,0.960614261514796,1.0,Langerhans cells
FANCD2,-0.16430068,0.056209475,0.8694944428052793,1.0,Langerhans cells
RAD51,-0.32825947,-0.11191902,0.7427154817897434,1.0,Langerhans cells
NEIL3,-0.46361595,-0.9545741,0.642922921275593,1.0,Langerhans cells
CDC25C,-0.57718295,-1.0469471,0.5638158557881487,1.0,Langerhans cells
BRIP1,-0.60508484,-0.5101136,0.5451226377455853,1.0,Langerhans cells
EME1,-0.62316346,-1.8341991,0.5331770940842532,1.0,Langerhans cells
RRM2,-0.66068006,-0.19778846,0.5088175232719456,1.0,Langerhans cells
EXO1,-0.747496,-0.964168,0.4547642263097774,1.0,Langerhans cells
RAD54L,-0.835963,-0.9856661,0.40317570879927656,0.9366695789642333,Langerhans cells
BLM,-0.9031409,-0.7862017,0.3664511061867438,0.8804908056841435,Langerhans cells
RAD54B,-0.905184,-2.0855753,0.36536794480008605,0.878731550878465,Langerhans cells
FEN1,-0.9371635,-0.21911076,0.34867446191079243,0.8495904031492127,Langerhans cells
POLE2,-1.1477365,-1.102938,0.25107733610028016,0.6758880047813214,Langerhans cells
XRCC2,-1.1719693,-1.6136135,0.24120938210272957,0.6565218491253376,Langerhans cells
BRCA1,-1.2495708,-0.75269556,0.21145637888692648,0.5947012712754761,Langerhans cells
TYMS,-1.3706177,-0.05843665,0.17049413898472943,0.505574634177453,Langerhans cells
FANCI,-1.5675068,-1.0257959,0.11699628984092024,0.37755304948432433,Langerhans cells
TTK,-1.6359771,-1.9046664,0.10184436317245492,0.3373304476502906,Langerhans cells
CHEK1,-2.395406,-1.9138926,0.016601966813424622,0.07335139572684254,Langerhans cells
RFC4,-4.13702,-1.3316137,3.518454164147307e-05,0.0002747100751238089,Langerhans cells
UBE2T,-6.5383134,-1.7816021,6.22164685461928e-11,8.579704319163785e-10,Langerhans cells
CDC25A,-0.1788871,-1.0497377,0.8580263511772354,1.0,Dendritic cells
FANCD2,-0.37480843,-0.11274877,0.7078029530146999,1.0,Dendritic cells
POLQ,-0.47430456,-2.8950834,0.6352827341217717,1.0,Dendritic cells
FANCB,-0.63136077,-1.3682497,0.5278046527601923,1.0,Dendritic cells
EME1,-0.6699568,-3.316917,0.5028853124206836,1.0,Dendritic cells
BLM,-0.7311909,-0.47800377,0.46466253551416115,0.976883832127318,Dendritic cells
NEIL3,-0.82096386,-23.912386,0.41166685845489126,0.9014019524253892,Dendritic cells
BRIP1,-0.827078,-3.1749547,0.40819286113009245,0.8968223225277274,Dendritic cells
RAD54B,-0.9865186,-4.8502493,0.3238786837941091,0.7632250974621063,Dendritic cells
RAD54L,-1.0019014,-2.453132,0.31639123168586447,0.7502887416941258,Dendritic cells
CDC25C,-1.20698,-24.709692,0.22743985857792903,0.587314042325977,Dendritic cells
EXO1,-1.2504747,-24.640787,0.21112617645091225,0.5558899432073389,Dendritic cells
XRCC2,-1.3341799,-3.6435933,0.18214490058554278,0.4962822575853425,Dendritic cells
POLE2,-1.516138,-3.3348107,0.1294844617014079,0.37813288951760293,Dendritic cells
RAD51,-1.5310383,-3.9952846,0.12575992751038123,0.3695069039759317,Dendritic cells
FANCA,-1.8738936,-0.81066144,0.060945085514439994,0.20530357480892156,Dendritic cells
BRCA1,-2.0643597,-2.158187,0.03898363775876123,0.14090765313092182,Dendritic cells
CHEK1,-2.1102388,-1.8647776,0.03483779613036361,0.12830991503849024,Dendritic cells
TTK,-2.2091134,-5.319709,0.02716676238031848,0.10359598184391881,Dendritic cells
FANCI,-2.402938,-2.1497416,0.01626395366336065,0.06676547055866378,Dendritic cells
H2AFX,-2.826817,-0.71229583,0.004701318560659884,0.02276699143076492,Dendritic cells
RRM2,-3.2092798,-3.3449652,0.0013306798227910228,0.007405336736712797,Dendritic cells
FEN1,-3.9567997,-1.9263124,7.596056565665735e-05,0.0005523134643244465,Dendritic cells
TYMS,-4.6793623,-3.1461334,2.877686731076066e-06,2.6794593021213635e-05,Dendritic cells
RFC4,-5.3967013,-2.221724,6.78772682751266e-08,7.823419365951036e-07,Dendritic cells
UBE2T,-8.639307,-3.50945,5.6554948455000246e-18,1.5559861459542374e-16,Dendritic cells
CDC25A,-0.35066357,-22.371674,0.7258407460678438,1.0,Granulocytes
POLQ,-0.41625705,-2.0803936,0.677221916989642,1.0,Granulocytes
EME1,-0.6716936,-23.561064,0.5017787562074494,0.9809631019974369,Granulocytes
NEIL3,-0.7457775,-23.912386,0.4558018408744441,0.9140782200448423,Granulocytes
BLM,-0.79365504,-0.01581229,0.42739629138538726,0.8702015572229991,Granulocytes
BRIP1,-0.8149224,-23.807579,0.41511671821204843,0.8515088767839861,Granulocytes
FANCB,-0.88900626,-24.175463,0.3739997060142404,0.7872804236556167,Granulocytes
RAD54B,-0.9581512,-24.245726,0.33798651553110326,0.7292081725835264,Granulocytes
RAD54L,-1.0817382,-2.776928,0.27936887403682475,0.6297100455140728,Granulocytes
CDC25C,-1.096441,-24.709692,0.2728857966059285,0.6183974128033259,Granulocytes
EXO1,-1.1359525,-24.640787,0.2559764586577563,0.5890432322238488,Granulocytes
FANCD2,-1.1506968,-2.6215456,0.24985701067999133,0.577497724015877,Granulocytes
XRCC2,-1.2593945,-3.1335833,0.20788787593609825,0.4987596694480255,Granulocytes
RAD51,-1.5162495,-25.170786,0.12945625157453508,0.3378547274413944,Granulocytes
POLE2,-1.624906,-25.087038,0.10418260691368206,0.28080701932846863,Granulocytes
TTK,-2.0694091,-26.033737,0.03850771729621416,0.11969849549394312,Granulocytes
FANCA,-2.1156197,-1.114073,0.03437717566099928,0.10867296565225824,Granulocytes
BRCA1,-2.3650093,-4.6511936,0.018029616254201145,0.06155474894786581,Granulocytes
CHEK1,-2.6176295,-25.734661,0.00885428593580179,0.032707151637937984,Granulocytes
FANCI,-2.6966524,-26.04786,0.007004034495839332,0.02650687089263481,Granulocytes
RRM2,-3.1327791,-4.312348,0.0017315975885442633,0.007520834322025422,Granulocytes
H2AFX,-4.251181,-1.3970734,2.1264601761659147e-05,0.00013048890835933157,Granulocytes
TYMS,-4.708275,-3.9921732,2.49821931504565e-06,1.750929263636816e-05,Granulocytes
FEN1,-4.9012556,-4.9620185,9.52261555252905e-07,7.039799745575364e-06,Granulocytes
RFC4,-5.935789,-4.073439,2.9243552826366925e-09,2.9588907760957606e-08,Granulocytes
UBE2T,-8.560625,-4.698613,1.1225711698901301e-17,2.4558151622460485e-16,Granulocytes
CDC25A,-0.5370062,-4.068885,0.5912633432647996,1.0,Fibroblasts
POLQ,-0.73149824,-3.0475247,0.46447487171526336,0.9065806000452759,Fibroblasts
EME1,-0.8571001,-1.4754963,0.39138953519275665,0.8040095174125614,Fibroblasts
BRIP1,-1.0520164,-1.6879008,0.29279202315562536,0.648208799518612,Fibroblasts
NEIL3,-1.106691,-3.7664654,0.2684275640560032,0.6061206835227899,Fibroblasts
RAD54B,-1.2020031,-1.2465459,0.22936233797781014,0.5357890899496159,Fibroblasts
FANCD2,-1.2736783,-0.9250871,0.2027774451482236,0.48499991206081333,Fibroblasts
FANCB,-1.3015068,-3.5760603,0.19308505618850058,0.4671232092651368,Fibroblasts
CDC25C,-1.6428264,-3.44221,0.10041884387933894,0.2717024266490327,Fibroblasts
RAD54L,-1.7486594,-3.7764711,0.08034992105385312,0.2255198398923358,Fibroblasts
EXO1,-1.7905303,-3.707997,0.07336868954477636,0.2088977358494372,Fibroblasts
RAD51,-2.0802898,-2.2253735,0.03749895086156791,0.11748663233644463,Fibroblasts
XRCC2,-2.0815792,-3.6909697,0.03738092465994927,0.11714942633694533,Fibroblasts
BLM,-2.1031845,-2.7568896,0.03544964904638792,0.11181228190961073,Fibroblasts
POLE2,-2.3413,-2.528276,0.01921671498996473,0.06520256570830828,Fibroblasts
CHEK1,-3.0798697,-1.3128937,0.0020709106806308815,0.008829485405232857,Fibroblasts
TTK,-3.0868912,-3.9163442,0.0020226164914450796,0.00864976606599582,Fibroblasts
BRCA1,-3.3095353,-2.135148,0.00093450959336617,0.004271258553208907,Fibroblasts
FANCA,-3.621447,-1.8808967,0.0002929596793226681,0.0014698865406763927,Fibroblasts
FANCI,-3.7774951,-2.4465134,0.00015841361705300574,0.0008349787211825446,Fibroblasts
RRM2,-4.270342,-2.333062,1.951735112281095e-05,0.00011780993111446534,Fibroblasts
H2AFX,-4.364923,-0.6092123,1.2716761232475567e-05,7.880824555868315e-05,Fibroblasts
TYMS,-5.9960675,-2.0009654,2.02152829870632e-09,1.9549827105042707e-08,Fibroblasts
FEN1,-6.5529375,-2.0630503,5.6416044110685757e-11,6.208302729210006e-10,Fibroblasts
RFC4,-7.9791923,-2.1053076,1.4729377188685865e-15,2.2141231233666353e-14,Fibroblasts
UBE2T,-12.620313,-3.1443188,1.6317297540025474e-36,5.790199456210929e-35,Fibroblasts
CDC25A,-0.9935124,-1.2532588,0.3204603057557316,0.5249296357657677,T cells
POLQ,-1.2334777,-0.68261355,0.21739758909927775,0.3707985674948168,T cells
FANCB,-2.007063,-0.3885583,0.044742963794417896,0.08448782394868168,T cells
NEIL3,-2.039691,-1.4483612,0.041381107575798035,0.07840905625676566,T cells
EME1,-2.1233366,-2.2495182,0.033725652264817226,0.06453843927669864,T cells
BLM,-2.2224185,0.21858937,0.02625502554843285,0.05086008344934985,T cells
BRIP1,-2.2408595,-0.87328553,0.025035184321201935,0.048583820104704016,T cells
FANCD2,-2.9410105,-0.5647254,0.0032714359164771074,0.00684068907813462,T cells
RAD54B,-3.0331075,-2.1725767,0.002420493653804129,0.005108268568059234,T cells
RAD54L,-3.4314373,-1.9490618,0.0006003921827475297,0.0013225766989784034,T cells
CDC25C,-3.44516,-2.6541092,0.0005707217525039544,0.0012586936722297744,T cells
EXO1,-3.5558813,-2.559558,0.000376714089862417,0.0008402790127568641,T cells
RAD51,-3.8393283,-1.237048,0.00012337133017889578,0.0002836369944823037,T cells
XRCC2,-4.1467986,-1.9325157,3.3715634232697094e-05,8.004576821887721e-05,T cells
FANCA,-4.6946,0.25597984,2.671290533059167e-06,6.712634056141653e-06,T cells
POLE2,-4.732675,-1.6552314,2.2157987319495923e-06,5.587979051709028e-06,T cells
TTK,-6.32815,-2.5778332,2.4811833250360023e-10,7.283546621031297e-10,T cells
BRCA1,-6.388215,-1.0018512,1.6783336238603808e-10,4.957123023521557e-10,T cells
CHEK1,-6.655789,-0.9142264,2.817846647383761e-11,8.550301441623793e-11,T cells
FANCI,-7.3342943,-1.4315039,2.2289253218544267e-13,7.2317313574292e-13,T cells
RRM2,-7.9868326,-1.3407102,1.3844971515794944e-15,4.7548962530926305e-15,T cells
H2AFX,-9.090129,0.013653977,9.89216833868908e-20,3.739936731135588e-19,T cells
TYMS,-11.375666,-0.9822578,5.527961034945645e-30,2.592871482107207e-29,T cells
FEN1,-12.664523,-1.1752734,9.298409148769136e-37,4.897640330743688e-36,T cells
RFC4,-16.787615,-1.436711,3.0069247805804747e-63,2.2921189472537157e-62,T cells
UBE2T,-25.422419,-2.2866027,1.4253910997092588e-142,2.4130982456610615e-141,T cells
CDC25A,-0.5862492,-22.371674,0.5577080630840439,0.9871827011369019,Endothelial cell
POLQ,-0.8257031,-23.081692,0.40897253375174236,0.7866306532674359,Endothelial cell
EME1,-1.0815889,-3.1684053,0.2794352508104718,0.5806340914239783,Endothelial cell
NEIL3,-1.2065128,-5.933707,0.22761983972484057,0.48879804141044814,Endothelial cell
BRIP1,-1.3209058,-3.256646,0.1865327775813208,0.4137519195347554,Endothelial cell
FANCB,-1.3211688,-2.4563327,0.18644508966943563,0.41370409500325794,Endothelial cell
RAD54B,-1.4785728,-3.178061,0.13925450091150046,0.32205908539862876,Endothelial cell
EXO1,-1.7789272,-4.927795,0.07525169915855892,0.18730216913065373,Endothelial cell
CDC25C,-1.7912662,-4.001281,0.07325059259643898,0.18297692220217587,Endothelial cell
RAD54L,-1.9005746,-6.824234,0.05735775853560625,0.14758016803438162,Endothelial cell
FANCD2,-1.9737482,-3.7182815,0.048410381958557916,0.1268113388365712,Endothelial cell
XRCC2,-2.1955593,-3.8823392,0.02812349959778713,0.07771210284957367,Endothelial cell
BLM,-2.22044,-3.4111702,0.02638891365669916,0.0734191124121993,Endothelial cell
POLE2,-2.299931,-1.9694663,0.02145212634417548,0.06081026077661419,Endothelial cell
RAD51,-2.4929988,-5.093564,0.012666929565037675,0.037610215297008025,Endothelial cell
BRCA1,-3.3253698,-1.6995981,0.0008830129127898926,0.0032040144869395566,Endothelial cell
TTK,-3.417337,-5.564091,0.0006323696647131678,0.002348637820171717,Endothelial cell
FANCA,-3.8928478,-1.9127625,9.907436743870749e-05,0.00040962251770576075,Endothelial cell
FANCI,-4.089811,-2.8590267,4.3172482656388895e-05,0.00018693419517609743,Endothelial cell
CHEK1,-4.2468534,-3.8306751,2.1679362306599642e-05,9.744685235479947e-05,Endothelial cell
RRM2,-5.211507,-4.2566657,1.8731274971512207e-07,1.0411243683598534e-06,Endothelial cell
H2AFX,-5.9458404,-1.0591125,2.7504212064382367e-09,1.7932650765240968e-08,Endothelial cell
TYMS,-7.5714397,-3.656505,3.691098241014273e-14,3.429753264526788e-13,Endothelial cell
FEN1,-7.6520157,-3.098319,1.9785290128132332e-14,1.873201438895823e-13,Endothelial cell
RFC4,-9.184662,-2.7469864,4.1282124346779065e-20,5.267327904337331e-19,Endothelial cell
UBE2T,-13.429598,-3.5645356,4.0560775123983886e-41,1.1011517420105167e-39,Endothelial cell
CDC25A,-0.69625443,-2.81448,0.48626951567266796,0.8056106901442708,B cells
POLQ,-1.0869051,-4.1866827,0.2770787193333145,0.49987308108387324,B cells
EME1,-1.537666,-3.233998,0.12413029939048818,0.24351628383822657,B cells
BRIP1,-1.6654366,-2.1252398,0.09582566713811488,0.19181307254358557,B cells
NEIL3,-1.6751198,-3.7605305,0.09391074746975339,0.18829781747072016,B cells
FANCD2,-1.6871382,-0.14697064,0.09157678317916781,0.1839454141002129,B cells
FANCB,-1.7364681,-2.1651244,0.08248110026024338,0.16677554129253985,B cells
RAD54B,-2.1002994,-3.2053883,0.03570251710534509,0.07598081015628455,B cells
BLM,-2.2849357,-0.9541705,0.022316595896481137,0.048703133688659514,B cells
CDC25C,-2.4382875,-4.466839,0.014757027770715966,0.032893471832777015,B cells
EXO1,-2.5967045,-3.8173335,0.00941228498694024,0.021464124846748752,B cells
RAD54L,-2.6361632,-4.3524346,0.008384940161792469,0.019251870457068443,B cells
XRCC2,-2.9990325,-3.8791952,0.002708383465694372,0.006560740123897149,B cells
RAD51,-3.0882418,-3.1736944,0.0020134461625727963,0.004950243576786996,B cells
POLE2,-3.4140408,-2.9801922,0.000640069625259501,0.0016486841410576515,B cells
FANCA,-3.955352,-0.56917185,7.64219898702871e-05,0.00021157595500026776,B cells
TTK,-4.6045446,-4.2610493,4.1336964582957996e-06,1.249927298641697e-05,B cells
BRCA1,-5.1828203,-2.5164506,2.1855583474129448e-07,7.160102681339909e-07,B cells
FANCI,-5.795545,-3.2844582,6.809960168170363e-09,2.4180402217047396e-08,B cells
CHEK1,-5.8162937,-3.7036088,6.016673037298706e-09,2.1434576055249286e-08,B cells
RRM2,-6.5738378,-2.9580061,4.9034699373544615e-11,1.92558187693287e-10,B cells
H2AFX,-8.621039,-1.0285543,6.634921099866785e-18,3.4266485707838245e-17,B cells
FEN1,-9.576747,-2.213963,1.0014965166985694e-21,5.889019052914631e-21,B cells
TYMS,-10.346462,-3.1637242,4.342354460204034e-25,2.7916197732318833e-24,B cells
RFC4,-12.116965,-1.9459333,8.588066884191566e-34,6.857367508911715e-33,B cells
UBE2T,-18.664433,-3.27835,9.639214823076078e-78,1.7701746341350714e-76,B cells
CDC25A,-0.32630655,-0.8462163,0.7441924416294308,1.0,Mast cells
POLQ,-0.4871958,-2.307456,0.6261195794804382,1.0,Mast cells
FANCB,-0.7264649,-1.266148,0.4675538014882893,0.9213283610787601,Mast cells
EME1,-0.75498235,-23.561064,0.4502595812230087,0.89721428578865,Mast cells
NEIL3,-0.8382524,-23.912386,0.401888937422731,0.825051332629956,Mast cells
BRIP1,-0.8481507,-3.8365953,0.3963540620495196,0.8165154580509988,Mast cells
RAD54B,-1.0087682,-3.5882509,0.3130857863688833,0.6805017868476944,Mast cells
FANCD2,-1.1097338,-2.0766904,0.2671137381795603,0.602137036945932,Mast cells
BLM,-1.1216787,-0.86147875,0.2619990648437538,0.5923519726371986,Mast cells
CDC25C,-1.1649665,-4.554057,0.2440325510731607,0.5589900857305611,Mast cells
RAD54L,-1.2368532,-4.5085807,0.21614158799258198,0.5064280339229333,Mast cells
EXO1,-1.2768084,-24.640787,0.20166991281736768,0.4784909071826625,Mast cells
XRCC2,-1.5044134,-24.586975,0.13247497405299613,0.3375999310491022,Mast cells
RAD51,-1.634829,-3.5823274,0.10208488186675496,0.27135527227835193,Mast cells
POLE2,-1.690913,-3.8576338,0.09085341602638487,0.24549706479464328,Mast cells
TTK,-2.3260117,-26.033737,0.020017923633048208,0.06487327387077164,Mast cells
FANCA,-2.3921478,-1.6457093,0.0167500922775108,0.05543916411415259,Mast cells
BRCA1,-2.4722846,-2.8561423,0.013425259023560883,0.0453812423609207,Mast cells
FANCI,-2.5357945,-1.8605437,0.011219255765850498,0.03864905827425612,Mast cells
CHEK1,-2.7335598,-3.226925,0.00626537346507925,0.022903578891731138,Mast cells
RRM2,-3.361595,-3.6507878,0.0007749372457997076,0.003446833983340863,Mast cells
H2AFX,-3.3621745,-0.50458115,0.000773312441514244,0.0034402861292478697,Mast cells
TYMS,-4.553023,-2.2065654,5.288046659265689e-06,3.416156977443629e-05,Mast cells
FEN1,-4.7535596,-2.235366,1.998661372741643e-06,1.370953933393834e-05,Mast cells
RFC4,-6.3899827,-3.0325387,1.6590467847032687e-10,1.8016048770948797e-09,Mast cells
UBE2T,-9.371877,-4.2067437,7.125418596776146e-21,1.886686924102901e-19,Mast cells
CDC25A,-0.51332515,-3.5072448,0.607723906801396,1.0,Alveolar cell
POLQ,-0.74070805,-3.804263,0.45887046312877855,0.9688650811170134,Alveolar cell
BRIP1,-0.94277334,-1.0773737,0.3457968513090556,0.7953292283910329,Alveolar cell
EME1,-0.97951835,-3.4206605,0.3273239229773237,0.7635976764103981,Alveolar cell
NEIL3,-1.053608,-3.0283759,0.2920624366340814,0.7021665310582518,Alveolar cell
FANCB,-1.1056894,-2.4457352,0.2688609889300123,0.6619585515253461,Alveolar cell
FANCD2,-1.3392974,-1.5490336,0.18047387493421974,0.4845249402946233,Alveolar cell
RAD54B,-1.3474505,-3.5206707,0.17783516961563184,0.4791533991329705,Alveolar cell
H2AFX,-1.388275,-0.20096809,0.16505329718839867,0.4511883956746558,Alveolar cell
CDC25C,-1.7421407,-24.709692,0.0814838462276507,0.2530423796923447,Alveolar cell
EXO1,-1.7604102,-4.7322383,0.07833827586395281,0.24496202748299317,Alveolar cell
RAD54L,-1.8001943,-5.591404,0.0718299619310296,0.2276113812673168,Alveolar cell
XRCC2,-2.0820806,-5.37329,0.03733511739886075,0.1299262085480354,Alveolar cell
BLM,-2.2236996,-5.7351966,0.026168662535149996,0.09538889427008325,Alveolar cell
POLE2,-2.2747111,-2.813643,0.02292326290147268,0.08486482556945227,Alveolar cell
RAD51,-2.3218255,-5.191617,0.020242337544845564,0.07615972481182252,Alveolar cell
FANCA,-2.9799733,-1.5111598,0.0028827350281685096,0.013278141535102417,Alveolar cell
TTK,-3.2455885,-7.2884607,0.0011720814089090119,0.005892572598604811,Alveolar cell
CHEK1,-3.4406056,-2.1714702,0.0005804136927521895,0.003075837661990848,Alveolar cell
FANCI,-3.5050433,-2.773823,0.0004565331869808548,0.002474040957729582,Alveolar cell
BRCA1,-3.5344286,-3.6776495,0.0004086577668751537,0.002237192774780816,Alveolar cell
RRM2,-4.764896,-4.3840785,1.8895118384116176e-06,1.475784064295632e-05,Alveolar cell
TYMS,-5.8345513,-2.3871527,5.39354404664218e-09,5.5621385813724593e-08,Alveolar cell
FEN1,-6.6627164,-2.794321,2.6881211483532495e-11,3.4105537069731854e-10,Alveolar cell
RFC4,-8.718404,-3.136623,2.821519166160364e-18,5.769264189754218e-17,Alveolar cell
UBE2T,-12.44541,-3.774096,1.4812203857700803e-35,6.297422443878721e-34,Alveolar cell
CDC25A,-0.62202734,-22.371674,0.533923909656637,0.9057372172169693,Natural killer cells
POLQ,-0.8760948,-23.081692,0.38097849697164665,0.6938511224591024,Natural killer cells
EME1,-1.1534963,-3.444712,0.24870673105203822,0.4831128250685842,Natural killer cells
NEIL3,-1.2469783,-3.162755,0.21240545689060886,0.4204631608641034,Natural killer cells
BRIP1,-1.2551756,-1.4627249,0.20941500582941197,0.41505394725605943,Natural killer cells
FANCB,-1.2720433,-1.0491018,0.20335771355672183,0.40429322036117993,Natural killer cells
RAD54B,-1.5849415,-2.5531178,0.11297961479478634,0.23868082319247333,Natural killer cells
BLM,-1.7207991,-0.27926207,0.08528727722082104,0.18516024834923983,Natural killer cells
CDC25C,-1.9065453,-4.250761,0.05657948959095238,0.1273123266379998,Natural killer cells
EXO1,-1.9766228,-4.5537133,0.04808427665391325,0.10967537259263359,Natural killer cells
RAD54L,-2.0204225,-4.551241,0.04333957487576512,0.09971351275287563,Natural killer cells
FANCD2,-2.0279455,-2.5818384,0.04256579975161557,0.0981513677653657,Natural killer cells
XRCC2,-2.2584627,-2.8114364,0.023916827170377002,0.05756439506837268,Natural killer cells
RAD51,-2.573706,-3.3449378,0.010061576776600557,0.025795597850397128,Natural killer cells
POLE2,-2.6494143,-2.380502,0.008063140707743851,0.020979994176396326,Natural killer cells
FANCA,-3.5346928,-0.6918291,0.00040824947941756035,0.0012429516983807442,Natural killer cells
TTK,-3.6708372,-26.033737,0.00024175726663301034,0.0007549219081266106,Natural killer cells
BRCA1,-3.9011228,-2.0041091,9.574754232295856e-05,0.00031096560552943574,Natural killer cells
FANCI,-4.192081,-2.1354039,2.7640735012441478e-05,9.435787303254937e-05,Natural killer cells
CHEK1,-4.4852433,-3.6260629,7.283085460400822e-06,2.608643533289012e-05,Natural killer cells
H2AFX,-4.5263104,0.109381266,6.0022416359489414e-06,2.1664025433739788e-05,Natural killer cells
RRM2,-5.331915,-3.2017777,9.718243212971192e-08,4.036519342265067e-07,Natural killer cells
FEN1,-7.707128,-2.1378546,1.2868044281636956e-14,8.054323383281265e-14,Natural killer cells
TYMS,-8.408552,-4.4763584,4.151011677980253e-17,2.932123703446051e-16,Natural killer cells
RFC4,-9.676535,-2.2084246,3.793552655621165e-22,3.306774545033335e-21,Natural killer cells
UBE2T,-15.286249,-4.928108,9.443480574230885e-53,2.1152082284209197e-51,Natural killer cells
CDC25A,-0.046823397,-22.371674,0.9626539810851907,1.0,Erythroblasts
POLQ,-0.06594845,-23.081692,0.9474188693880337,1.0,Erythroblasts
EME1,-0.08968989,-23.561064,0.9285336518396609,1.0,Erythroblasts
NEIL3,-0.09958216,-23.912386,0.920676061680592,1.0,Erythroblasts
BRIP1,-0.10881494,-23.807579,0.9133492757390109,1.0,Erythroblasts
FANCB,-0.1187072,-24.175463,0.9055073284848661,1.0,Erythroblasts
RAD54B,-0.12793998,-24.245726,0.8981964658883348,1.0,Erythroblasts
CDC25C,-0.14640555,-24.709692,0.8836012444303468,1.0,Erythroblasts
EXO1,-0.15168142,-24.640787,0.8794382059208514,1.0,Erythroblasts
RAD54L,-0.15497886,-24.661737,0.8768379907590069,1.0,Erythroblasts
FANCD2,-0.16421163,-24.560188,0.8695645436128712,1.0,Erythroblasts
XRCC2,-0.1787203,-24.586975,0.8581573355227293,1.0,Erythroblasts
BLM,-0.19059101,-24.951729,0.8488460326600604,1.0,Erythroblasts
RAD51,-0.20246173,-25.170786,0.8395557721192723,1.0,Erythroblasts
POLE2,-0.21697038,-25.087038,0.8282314201671384,1.0,Erythroblasts
TTK,-0.276324,-26.033737,0.7822992293864699,1.0,Erythroblasts
BRCA1,-0.3264448,-25.652493,0.7440878372935223,1.0,Erythroblasts
CHEK1,-0.34952676,-25.734661,0.7266938777544079,1.0,Erythroblasts
FANCA,-0.35875955,-25.70254,0.7197749740964164,1.0,Erythroblasts
FANCI,-0.3600785,-26.04786,0.7187884150613811,1.0,Erythroblasts
RRM2,-0.43921664,-27.01365,0.6605045567471395,1.0,Erythroblasts
TYMS,-0.6515707,-27.264044,0.5146781826469322,1.0,Erythroblasts
FEN1,-0.67597157,-27.141592,0.49905868821291555,1.0,Erythroblasts
H2AFX,-0.7386226,-27.088932,0.4601361931525071,1.0,Erythroblasts
RFC4,-0.8368858,-27.450008,0.4026567672517354,1.0,Erythroblasts
UBE2T,-1.1877315,-28.508593,0.23493919741192348,1.0,Erythroblasts
CDC25A,-0.15184115,-22.371674,0.8793122241592002,1.0,Lymphatic EC
POLQ,-0.21386078,-23.081692,0.8306556280817254,1.0,Lymphatic EC
EME1,-0.29085067,-23.561064,0.7711655408983532,1.0,Lymphatic EC
RAD54L,-0.3123877,-0.8719053,0.7547459009374295,1.0,Lymphatic EC
NEIL3,-0.32292977,-23.912386,0.7467484276418088,1.0,Lymphatic EC
BRIP1,-0.3528703,-23.807579,0.7241856911357416,1.0,Lymphatic EC
FANCB,-0.3849494,-24.175463,0.7002749061110863,1.0,Lymphatic EC
XRCC2,-0.39088717,-1.8743368,0.6958806305267582,1.0,Lymphatic EC
RAD54B,-0.4148899,-24.245726,0.67822249866036,1.0,Lymphatic EC
CDC25C,-0.47477093,-24.709692,0.6349502589970312,1.0,Lymphatic EC
BRCA1,-0.4893638,-0.56172556,0.6245841756531859,1.0,Lymphatic EC
EXO1,-0.4918798,-24.640787,0.6228043283926601,1.0,Lymphatic EC
POLE2,-0.5106995,-1.1910614,0.6095614662698599,1.0,Lymphatic EC
FANCD2,-0.5325133,-24.560188,0.5943705089016358,1.0,Lymphatic EC
BLM,-0.61805767,-24.951729,0.5365373405571232,1.0,Lymphatic EC
RAD51,-0.6565526,-25.170786,0.5114686450647239,1.0,Lymphatic EC
TTK,-0.7069986,-2.2058656,0.47956736753725315,1.0,Lymphatic EC
H2AFX,-0.71751547,-0.68718624,0.4730560842766318,1.0,Lymphatic EC
FANCI,-0.80617964,-2.6050715,0.420139271553457,1.0,Lymphatic EC
RRM2,-0.88286763,-2.1271718,0.37730780720707713,1.0,Lymphatic EC
CHEK1,-1.1334621,-25.734661,0.25702024105601995,1.0,Lymphatic EC
FANCA,-1.1634027,-25.70254,0.24466618453384092,1.0,Lymphatic EC
TYMS,-1.9320434,-4.210957,0.053354147096005965,0.5913571060080189,Lymphatic EC
FEN1,-1.9976106,-3.5655844,0.04575889136497727,0.5270588778326206,Lymphatic EC
RFC4,-2.3437884,-3.201571,0.01908900218286732,0.28150031818491444,Lymphatic EC
UBE2T,-3.8516326,-28.508593,0.00011733297197227265,0.004061234804072534,Lymphatic EC
NEIL3,-0.075839534,1.4907452,0.9395467602156716,1.0,Basal cells
CDC25A,-0.13596483,-22.371674,0.891849084187067,1.0,Basal cells
POLQ,-0.19149975,-23.081692,0.8481340679335394,1.0,Basal cells
EME1,-0.26043966,-23.561064,0.7945246425730643,1.0,Basal cells
FANCD2,-0.26835313,-1.7615288,0.7884275207315072,1.0,Basal cells
BRIP1,-0.3159746,-23.807579,0.7520217834446616,1.0,Basal cells
FANCB,-0.34469956,-24.175463,0.7303202418734196,1.0,Basal cells
RAD54B,-0.37150952,-24.245726,0.7102580547216498,1.0,Basal cells
FANCA,-0.38722378,-0.32302874,0.6985905460855013,1.0,Basal cells
POLE2,-0.41411823,-0.8303796,0.6787875205903805,1.0,Basal cells
CDC25C,-0.42512947,-24.709692,0.6707422965764587,1.0,Basal cells
EXO1,-0.44044945,-24.640787,0.6596116166055266,1.0,Basal cells
RAD54L,-0.45002443,-24.661737,0.6526928196618049,1.0,Basal cells
XRCC2,-0.51896435,-24.586975,0.6037856006960942,1.0,Basal cells
BLM,-0.5534343,-24.951729,0.5799660513476563,1.0,Basal cells
RAD51,-0.5879043,-25.170786,0.5565965531389101,1.0,Basal cells
TYMS,-0.6453542,-0.8447998,0.5186976803712169,1.0,Basal cells
TTK,-0.802384,-26.033737,0.42233086679835397,1.0,Basal cells
FANCI,-0.82699734,-1.7939371,0.40823856388095603,1.0,Basal cells
H2AFX,-0.8848979,-1.0450855,0.37621171951101673,1.0,Basal cells
BRCA1,-0.94792384,-25.652493,0.34316823966129495,1.0,Basal cells
CHEK1,-1.0149487,-25.734661,0.31013026663109056,1.0,Basal cells
RRM2,-1.2753884,-27.01365,0.20217180000480228,1.0,Basal cells
FEN1,-1.3016633,-1.2945414,0.19303151039202937,1.0,Basal cells
RFC4,-1.7604742,-1.6682627,0.07832743856245619,1.0,Basal cells
UBE2T,-2.8385615,-3.0165596,0.0045317381625051105,0.1526362571236587,Basal cells
CDC25A,-0.19072428,-22.371674,0.8487416162395778,1.0,Secretory club cells
POLQ,-0.26862574,-23.081692,0.7882176989507161,1.0,Secretory club cells
FANCB,-0.33249897,-0.055081736,0.7395125119253723,1.0,Secretory club cells
EME1,-0.36533102,-23.561064,0.7148643311888763,1.0,Secretory club cells
NEIL3,-0.40562487,-23.912386,0.6850182493214978,1.0,Secretory club cells
BRIP1,-0.44323248,-23.807579,0.6575975890682755,1.0,Secretory club cells
RAD54B,-0.52113396,-24.245726,0.6022734659316884,1.0,Secretory club cells
XRCC2,-0.5766499,-1.7350614,0.5641759615106123,1.0,Secretory club cells
CDC25C,-0.5963492,-24.709692,0.5509420010352903,1.0,Secretory club cells
EXO1,-0.6178392,-24.640787,0.5366813323544348,1.0,Secretory club cells
RAD54L,-0.6312705,-24.661737,0.5278636723276717,1.0,Secretory club cells
FANCD2,-0.6688781,-24.560188,0.5035732387681633,1.0,Secretory club cells
BLM,-0.7763284,-24.951729,0.4375551074959547,1.0,Secretory club cells
RAD51,-0.82468104,-25.170786,0.4095527010563983,1.0,Secretory club cells
FANCA,-0.8705464,-0.9047859,0.384001876724649,1.0,Secretory club cells
POLE2,-0.8837787,-25.087038,0.3768156869227237,1.0,Secretory club cells
TTK,-1.1255419,-26.033737,0.26035948518730356,1.0,Secretory club cells
H2AFX,-1.1983095,-0.71895623,0.23079651096852227,1.0,Secretory club cells
CHEK1,-1.2773851,-3.9836264,0.2014663369644637,1.0,Secretory club cells
FANCI,-1.3188131,-3.7457926,0.18723159748773632,1.0,Secretory club cells
BRCA1,-1.3296975,-25.652493,0.18361798011520436,1.0,Secretory club cells
RRM2,-1.6472131,-4.676096,0.09951425918367218,0.8250017668085671,Secretory club cells
TYMS,-1.9142071,-2.1116712,0.055593691576462274,0.5686303460247047,Secretory club cells
FEN1,-2.1400318,-2.1706047,0.03235219151398581,0.3915101672312794,Secretory club cells
RFC4,-3.1240776,-4.059146,0.0017836340246591374,0.0414336345130354,Secretory club cells
UBE2T,-4.2711296,-3.623424,1.9448547792221595e-05,0.0008130503291319651,Secretory club cells
CDC25A,-0.22893193,-2.5266087,0.8189218236541478,1.0,Epithelial cells
RAD54B,-0.42256823,-0.28073215,0.672610300609713,1.0,Epithelial cells
POLQ,-0.4441093,-23.081692,0.6569635686128907,1.0,Epithelial cells
FANCB,-0.53694093,-0.8014078,0.5913083991727088,1.0,Epithelial cells
FANCD2,-0.58031446,-0.52587277,0.5617025746253318,1.0,Epithelial cells
EME1,-0.60398865,-23.561064,0.545851196577911,1.0,Epithelial cells
NEIL3,-0.670605,-23.912386,0.5024721765286708,1.0,Epithelial cells
BRIP1,-0.73278034,-23.807579,0.46369241887729795,1.0,Epithelial cells
CDC25C,-0.98592263,-24.709692,0.3241710816537908,0.9294430358996913,Epithelial cells
EXO1,-1.0214514,-24.640787,0.30704063685098626,0.8964554184237862,Epithelial cells
XRCC2,-1.0303918,-3.3095644,0.3028261022205092,0.8896098052343598,Epithelial cells
RAD54L,-1.0436568,-24.661737,0.2966441865625452,0.877004275206598,Epithelial cells
BLM,-1.1973233,-4.626858,0.2311805605673367,0.7408891439715258,Epithelial cells
BRCA1,-1.226138,-1.0698707,0.22014676134420463,0.7169485436289873,Epithelial cells
POLE2,-1.2872292,-3.318922,0.19801440578546892,0.6669444851366175,Epithelial cells
RAD51,-1.3634155,-25.170786,0.17275159031230047,0.6040123791432281,Epithelial cells
H2AFX,-1.5059501,-0.51960963,0.1320799758987032,0.49652287235993986,Epithelial cells
FANCA,-1.5378537,-1.483927,0.12408438260174881,0.47317539231091654,Epithelial cells
TTK,-1.6073725,-3.7492392,0.10797266331736288,0.42534056337939474,Epithelial cells
FANCI,-1.6457688,-1.9698986,0.09981136981373251,0.3999732520029939,Epithelial cells
CHEK1,-2.0954032,-2.8667386,0.036135163249225756,0.1775089674067591,Epithelial cells
RRM2,-2.6260731,-4.139776,0.008637628296561664,0.05329454501818839,Epithelial cells
FEN1,-2.813485,-1.6138536,0.004900769998740644,0.032536549906194145,Epithelial cells
TYMS,-3.5627823,-3.1481252,0.000366944987780007,0.0032197707981491035,Epithelial cells
RFC4,-4.454719,-2.6746716,8.40030390590563e-06,9.853412176562807e-05,Epithelial cells
UBE2T,-6.8950243,-3.608288,5.385568673325344e-12,1.2523531363884415e-10,Epithelial cells
